Data;Cliente ID;Produto SKU;Qtde
01/01/2027;C0018;AS002;940
01/01/2027;C0004;CS002;328
01/01/2027;C0013;CS004;151
01/01/2027;C0013;AS002;222
01/01/2027;C0013;CS003;810
01/01/2027;C0003;VS001;154
04/01/2027;C0027;VS003;446
04/01/2027;C0029;AT001;916
04/01/2027;C0022;AL002;791
04/01/2027;C0023;AT002;185
04/01/2027;C0015;AS001;243
04/01/2027;C0025;VS004;313
05/01/2027;C0017;CT001;852
05/01/2027;C0007;VS005;888
05/01/2027;C0002;CT003;589
05/01/2027;C0020;CS001;198
05/01/2027;C0013;VS004;353
05/01/2027;C0004;CS004;452
06/01/2027;C0017;AS001;763
06/01/2027;C0011;VS002;434
06/01/2027;C0005;AS001;993
06/01/2027;C0021;VS002;743
06/01/2027;C0003;VS005;700
06/01/2027;C0004;AT002;494
07/01/2027;C0028;AL002;303
07/01/2027;C0001;AL001;660
07/01/2027;C0013;CS003;260
07/01/2027;C0001;VS003;283
07/01/2027;C0009;VS001;354
07/01/2027;C0012;AT002;947
08/01/2027;C0030;VS002;334
08/01/2027;C0025;CL001;332
08/01/2027;C0001;CS001;706
08/01/2027;C0005;CT001;969
08/01/2027;C0023;CS002;369
08/01/2027;C0027;AL001;974
11/01/2027;C0019;AS002;599
11/01/2027;C0022;VS002;721
11/01/2027;C0008;VS001;503
11/01/2027;C0007;CT001;982
11/01/2027;C0027;VS003;469
11/01/2027;C0021;VS001;846
12/01/2027;C0006;CT002;108
12/01/2027;C0018;AS003;241
12/01/2027;C0002;CT003;484
12/01/2027;C0021;CL002;608
12/01/2027;C0012;AT002;915
12/01/2027;C0002;CL001;834
13/01/2027;C0019;AT001;813
13/01/2027;C0015;CS003;307
13/01/2027;C0022;VS002;874
13/01/2027;C0001;CS003;639
13/01/2027;C0011;VS001;287
13/01/2027;C0027;AS003;679
14/01/2027;C0003;AL001;608
14/01/2027;C0021;CT002;615
14/01/2027;C0018;CS001;507
14/01/2027;C0026;AS002;975
14/01/2027;C0015;CS004;878
14/01/2027;C0004;VS001;819
15/01/2027;C0003;VS001;938
15/01/2027;C0008;VS002;998
15/01/2027;C0023;AS005;392
15/01/2027;C0024;AS003;646
15/01/2027;C0001;VS003;526
15/01/2027;C0029;AS002;320
18/01/2027;C0019;CS002;717
18/01/2027;C0021;AL002;938
18/01/2027;C0024;VS001;321
18/01/2027;C0018;VS003;354
18/01/2027;C0007;CS004;716
18/01/2027;C0024;AS001;764
19/01/2027;C0010;VS001;188
19/01/2027;C0025;AL002;854
19/01/2027;C0025;CT002;496
19/01/2027;C0024;AT002;818
19/01/2027;C0006;VS005;224
19/01/2027;C0024;VS002;885
20/01/2027;C0023;CT003;482
20/01/2027;C0001;VS005;258
20/01/2027;C0002;CS002;415
20/01/2027;C0008;AT002;958
20/01/2027;C0013;AT002;204
20/01/2027;C0020;VS004;291
21/01/2027;C0004;AL001;112
21/01/2027;C0030;VS001;459
21/01/2027;C0005;AL002;258
21/01/2027;C0024;VS002;895
21/01/2027;C0014;AT001;883
21/01/2027;C0028;CS001;705
22/01/2027;C0005;AT002;187
22/01/2027;C0013;VS005;608
22/01/2027;C0006;CS004;394
22/01/2027;C0015;VS003;692
22/01/2027;C0005;CT003;319
22/01/2027;C0027;VS004;615
25/01/2027;C0024;AS005;573
25/01/2027;C0021;AS002;510
25/01/2027;C0021;CT001;322
25/01/2027;C0014;AT001;745
25/01/2027;C0008;AT002;307
25/01/2027;C0002;VS003;156
26/01/2027;C0012;AS002;468
26/01/2027;C0016;AS002;610
26/01/2027;C0009;VS002;942
26/01/2027;C0016;CL002;270
26/01/2027;C0027;CT001;940
26/01/2027;C0024;AT002;298
27/01/2027;C0003;AL002;258
27/01/2027;C0002;CL002;821
27/01/2027;C0015;AS002;649
27/01/2027;C0020;AL001;187
27/01/2027;C0010;AS003;277
27/01/2027;C0016;AT001;334
28/01/2027;C0018;VS003;258
28/01/2027;C0027;CL001;574
28/01/2027;C0013;CS003;359
28/01/2027;C0007;AS005;263
28/01/2027;C0013;CS002;952
28/01/2027;C0028;CS002;593
29/01/2027;C0016;CT002;421
29/01/2027;C0017;AS005;359
29/01/2027;C0016;AS005;858
29/01/2027;C0008;CT003;505
29/01/2027;C0030;AT001;464
29/01/2027;C0021;AS001;837
01/02/2027;C0011;VS002;487
01/02/2027;C0007;VS005;184
01/02/2027;C0014;CT003;389
01/02/2027;C0021;AS002;135
01/02/2027;C0015;CT003;564
01/02/2027;C0007;CS002;848
02/02/2027;C0009;VS002;875
02/02/2027;C0008;CS004;210
02/02/2027;C0028;VS005;237
02/02/2027;C0029;AT001;453
02/02/2027;C0008;AT002;353
02/02/2027;C0007;AS001;862
03/02/2027;C0028;CS003;979
03/02/2027;C0007;AT001;571
03/02/2027;C0030;AS002;899
03/02/2027;C0013;VS002;452
03/02/2027;C0026;CT002;742
03/02/2027;C0025;CL001;235
04/02/2027;C0021;CL001;567
04/02/2027;C0013;AS003;136
04/02/2027;C0016;CT003;991
04/02/2027;C0005;CL001;794
04/02/2027;C0022;VS003;786
04/02/2027;C0004;VS004;685
05/02/2027;C0019;AS003;764
05/02/2027;C0022;AS001;203
05/02/2027;C0027;CS003;743
05/02/2027;C0018;VS003;817
05/02/2027;C0019;CS002;755
05/02/2027;C0013;CL001;603
08/02/2027;C0025;CT002;981
08/02/2027;C0028;AS001;487
08/02/2027;C0019;CS001;293
08/02/2027;C0014;CT003;977
08/02/2027;C0007;CT003;985
08/02/2027;C0016;AS002;640
09/02/2027;C0019;CS002;664
09/02/2027;C0005;CS001;540
09/02/2027;C0026;VS001;536
09/02/2027;C0017;AS002;702
09/02/2027;C0012;AS004;726
09/02/2027;C0015;CT001;600
10/02/2027;C0029;AS001;543
10/02/2027;C0023;CS004;794
10/02/2027;C0008;AS001;249
10/02/2027;C0015;AL002;504
10/02/2027;C0014;CT003;231
10/02/2027;C0001;AL001;300
11/02/2027;C0013;AT001;715
11/02/2027;C0012;CL002;827
11/02/2027;C0027;CS003;866
11/02/2027;C0017;CT001;849
11/02/2027;C0019;VS005;867
11/02/2027;C0008;AS004;691
12/02/2027;C0017;AL002;627
12/02/2027;C0020;AS005;199
12/02/2027;C0027;CL001;284
12/02/2027;C0012;CL002;117
12/02/2027;C0027;CT003;978
12/02/2027;C0027;CT001;373
15/02/2027;C0020;VS004;180
15/02/2027;C0012;AS003;131
15/02/2027;C0020;VS001;381
15/02/2027;C0016;AL001;551
15/02/2027;C0016;VS004;193
15/02/2027;C0004;VS002;901
16/02/2027;C0030;AS004;853
16/02/2027;C0021;CT001;162
16/02/2027;C0018;AS001;861
16/02/2027;C0024;CT002;558
16/02/2027;C0027;VS001;959
16/02/2027;C0008;VS004;921
17/02/2027;C0022;VS003;568
17/02/2027;C0005;CT001;812
17/02/2027;C0019;VS003;630
17/02/2027;C0005;VS005;249
17/02/2027;C0026;AS004;982
17/02/2027;C0021;CL002;789
18/02/2027;C0019;CS002;243
18/02/2027;C0024;VS003;694
18/02/2027;C0011;CS003;884
18/02/2027;C0005;VS002;699
18/02/2027;C0007;AL001;462
18/02/2027;C0020;CL002;417
19/02/2027;C0024;AS001;495
19/02/2027;C0027;AL001;532
19/02/2027;C0024;VS003;308
19/02/2027;C0025;AL001;352
19/02/2027;C0010;CT002;748
19/02/2027;C0008;VS004;649
22/02/2027;C0025;AS002;543
22/02/2027;C0021;CS003;575
22/02/2027;C0009;CT001;426
22/02/2027;C0007;AS004;216
22/02/2027;C0008;AL001;785
22/02/2027;C0001;CT003;590
23/02/2027;C0016;VS003;707
23/02/2027;C0021;AT002;342
23/02/2027;C0005;VS004;507
23/02/2027;C0005;CL002;716
23/02/2027;C0026;VS005;886
23/02/2027;C0011;CS002;789
24/02/2027;C0019;AT001;687
24/02/2027;C0016;VS002;270
24/02/2027;C0010;AS001;634
24/02/2027;C0012;CS004;374
24/02/2027;C0004;CL001;677
24/02/2027;C0019;AS003;629
25/02/2027;C0016;VS004;140
25/02/2027;C0005;AS001;988
25/02/2027;C0030;CT003;485
25/02/2027;C0006;CS003;168
25/02/2027;C0012;CS003;197
25/02/2027;C0022;VS005;667
26/02/2027;C0017;AS002;170
26/02/2027;C0012;CS002;568
26/02/2027;C0001;AT001;757
26/02/2027;C0007;CS002;221
26/02/2027;C0025;AS004;638
26/02/2027;C0010;CL001;999
01/03/2027;C0001;CT002;705
01/03/2027;C0024;AT002;600
01/03/2027;C0010;CT002;493
01/03/2027;C0029;AT002;124
01/03/2027;C0012;VS001;383
01/03/2027;C0026;AS004;896
02/03/2027;C0009;VS001;722
02/03/2027;C0003;CL002;536
02/03/2027;C0011;CT002;694
02/03/2027;C0008;CT002;408
02/03/2027;C0030;VS001;237
02/03/2027;C0029;VS001;937
03/03/2027;C0013;AS004;552
03/03/2027;C0004;AL001;570
03/03/2027;C0020;CT002;890
03/03/2027;C0009;CS002;265
03/03/2027;C0018;CT001;927
03/03/2027;C0023;AL001;366
04/03/2027;C0028;AS004;875
04/03/2027;C0025;VS005;784
04/03/2027;C0007;AL002;703
04/03/2027;C0025;CL001;225
04/03/2027;C0004;CT002;178
04/03/2027;C0017;AS005;458
05/03/2027;C0025;VS001;668
05/03/2027;C0029;AT002;662
05/03/2027;C0015;CL002;273
05/03/2027;C0006;VS002;963
05/03/2027;C0010;CT001;131
05/03/2027;C0020;CS003;353
08/03/2027;C0011;CS003;903
08/03/2027;C0011;VS004;233
08/03/2027;C0014;AS003;792
08/03/2027;C0008;CS001;462
08/03/2027;C0014;VS001;193
08/03/2027;C0013;VS004;570
09/03/2027;C0006;CT003;562
09/03/2027;C0027;AT002;534
09/03/2027;C0023;CT001;542
09/03/2027;C0018;CS002;680
09/03/2027;C0023;AS001;335
09/03/2027;C0028;AT001;116
10/03/2027;C0017;AL001;660
10/03/2027;C0027;AS003;935
10/03/2027;C0005;AS003;107
10/03/2027;C0011;AL001;417
10/03/2027;C0010;VS005;709
10/03/2027;C0024;AS001;709
11/03/2027;C0026;AL002;250
11/03/2027;C0016;AS001;632
11/03/2027;C0001;VS005;325
11/03/2027;C0025;CS002;881
11/03/2027;C0027;CT001;890
11/03/2027;C0017;VS005;750
12/03/2027;C0001;CL002;209
12/03/2027;C0028;CS003;610
12/03/2027;C0020;VS004;561
12/03/2027;C0026;VS002;913
12/03/2027;C0027;AS001;477
12/03/2027;C0003;AL002;329
15/03/2027;C0028;CS001;127
15/03/2027;C0006;CS002;918
15/03/2027;C0014;CT003;636
15/03/2027;C0021;AS002;627
15/03/2027;C0021;CS004;958
15/03/2027;C0027;AT002;240
16/03/2027;C0017;CL001;299
16/03/2027;C0001;AS004;393
16/03/2027;C0005;CT002;402
16/03/2027;C0001;AS004;202
16/03/2027;C0021;AS003;384
16/03/2027;C0021;AS005;667
17/03/2027;C0017;AT001;429
17/03/2027;C0024;AL002;764
17/03/2027;C0005;VS004;448
17/03/2027;C0006;AL001;826
17/03/2027;C0013;AS004;249
17/03/2027;C0029;CT003;689
18/03/2027;C0011;VS005;767
18/03/2027;C0013;CS004;531
18/03/2027;C0009;AL001;758
18/03/2027;C0024;AT002;530
18/03/2027;C0021;VS005;130
18/03/2027;C0010;CL001;141
19/03/2027;C0006;CS002;302
19/03/2027;C0019;VS002;570
19/03/2027;C0002;CS001;739
19/03/2027;C0020;AS001;761
19/03/2027;C0030;CT001;291
19/03/2027;C0030;AS004;967
22/03/2027;C0025;AT002;561
22/03/2027;C0004;CS002;448
22/03/2027;C0026;AL001;855
22/03/2027;C0004;AT001;319
22/03/2027;C0026;VS001;334
22/03/2027;C0027;CL002;719
23/03/2027;C0015;AS002;769
23/03/2027;C0003;CL001;594
23/03/2027;C0019;AL002;240
23/03/2027;C0019;AS002;625
23/03/2027;C0004;VS004;323
23/03/2027;C0021;CS001;856
24/03/2027;C0014;AS002;757
24/03/2027;C0020;CL002;399
24/03/2027;C0002;CT002;246
24/03/2027;C0021;VS001;664
24/03/2027;C0009;VS001;795
24/03/2027;C0017;AS004;959
25/03/2027;C0021;CS002;208
25/03/2027;C0010;VS004;804
25/03/2027;C0011;CT001;408
25/03/2027;C0013;VS002;465
25/03/2027;C0010;AL001;160
25/03/2027;C0013;AT002;894
26/03/2027;C0023;AS002;345
26/03/2027;C0024;AL001;882
26/03/2027;C0029;CL002;302
26/03/2027;C0013;CS002;163
26/03/2027;C0027;AS001;685
26/03/2027;C0006;CL002;686
29/03/2027;C0017;CS001;911
29/03/2027;C0006;VS002;148
29/03/2027;C0008;VS005;283
29/03/2027;C0011;VS002;407
29/03/2027;C0003;VS002;898
29/03/2027;C0009;AS002;638
30/03/2027;C0027;AT002;622
30/03/2027;C0016;AS002;865
30/03/2027;C0027;VS004;487
30/03/2027;C0018;AS005;885
30/03/2027;C0006;VS004;358
30/03/2027;C0017;CL002;881
31/03/2027;C0008;CT001;636
31/03/2027;C0009;AT002;671
31/03/2027;C0003;AL001;802
31/03/2027;C0027;CT003;794
31/03/2027;C0012;VS004;699
31/03/2027;C0006;AL002;421
01/04/2027;C0022;VS003;619
01/04/2027;C0030;CS003;150
01/04/2027;C0029;CS004;413
01/04/2027;C0030;CT001;605
01/04/2027;C0007;CL001;734
01/04/2027;C0015;CL002;918
02/04/2027;C0012;AS003;625
02/04/2027;C0001;CT001;196
02/04/2027;C0022;CL001;121
02/04/2027;C0014;AS001;454
02/04/2027;C0028;CT001;998
02/04/2027;C0022;AT002;232
05/04/2027;C0014;AS001;214
05/04/2027;C0014;AS002;702
05/04/2027;C0016;CL001;506
05/04/2027;C0009;VS004;214
05/04/2027;C0001;VS003;451
05/04/2027;C0020;CS001;410
06/04/2027;C0010;VS003;241
06/04/2027;C0029;VS003;291
06/04/2027;C0027;CT002;975
06/04/2027;C0014;CS002;148
06/04/2027;C0028;AS002;311
06/04/2027;C0007;CS001;673
07/04/2027;C0003;CS003;170
07/04/2027;C0028;VS003;226
07/04/2027;C0012;VS001;656
07/04/2027;C0005;VS003;402
07/04/2027;C0015;CT003;412
07/04/2027;C0013;AT001;260
08/04/2027;C0017;AS005;893
08/04/2027;C0026;CT003;741
08/04/2027;C0016;AS005;662
08/04/2027;C0021;CT002;581
08/04/2027;C0020;AL001;867
08/04/2027;C0026;CT003;416
09/04/2027;C0026;AL001;468
09/04/2027;C0020;AL002;575
09/04/2027;C0002;AS002;443
09/04/2027;C0012;AS001;869
09/04/2027;C0013;AT002;144
09/04/2027;C0028;AT001;239
12/04/2027;C0002;CT003;963
12/04/2027;C0020;CT001;525
12/04/2027;C0021;AS003;743
12/04/2027;C0007;VS004;245
12/04/2027;C0021;VS004;163
12/04/2027;C0003;CS001;462
13/04/2027;C0017;VS002;436
13/04/2027;C0005;CT003;590
13/04/2027;C0030;VS001;200
13/04/2027;C0015;AT002;994
13/04/2027;C0012;CL001;827
13/04/2027;C0007;VS005;822
14/04/2027;C0013;AS005;530
14/04/2027;C0019;AL001;763
14/04/2027;C0005;CT003;522
14/04/2027;C0004;CS002;600
14/04/2027;C0007;AS003;544
14/04/2027;C0017;VS005;162
15/04/2027;C0020;CT003;423
15/04/2027;C0019;AS005;786
15/04/2027;C0027;AT002;442
15/04/2027;C0007;CS003;812
15/04/2027;C0005;AL002;544
15/04/2027;C0022;CL002;967
16/04/2027;C0028;AL001;664
16/04/2027;C0012;CL001;349
16/04/2027;C0002;CL001;513
16/04/2027;C0018;CS001;193
16/04/2027;C0001;AT001;772
16/04/2027;C0027;VS002;961
19/04/2027;C0011;AL002;573
19/04/2027;C0015;AL002;375
19/04/2027;C0009;VS004;190
19/04/2027;C0018;VS003;427
19/04/2027;C0003;VS002;760
19/04/2027;C0005;VS003;344
20/04/2027;C0020;CS004;649
20/04/2027;C0026;AL002;518
20/04/2027;C0026;AS004;559
20/04/2027;C0026;VS001;366
20/04/2027;C0011;CT001;582
20/04/2027;C0001;CS003;815
21/04/2027;C0028;AS004;959
21/04/2027;C0029;AS002;845
21/04/2027;C0022;AS005;371
21/04/2027;C0012;AS004;201
21/04/2027;C0011;CL002;524
21/04/2027;C0028;AS001;780
22/04/2027;C0013;VS004;133
22/04/2027;C0005;AS005;689
22/04/2027;C0008;CL001;517
22/04/2027;C0017;AS001;811
22/04/2027;C0012;AS002;652
22/04/2027;C0017;CS001;370
23/04/2027;C0027;VS005;693
23/04/2027;C0021;CT003;370
23/04/2027;C0009;CS003;865
23/04/2027;C0024;AL001;261
23/04/2027;C0024;VS001;317
23/04/2027;C0011;AS001;389
26/04/2027;C0014;CT003;798
26/04/2027;C0012;CS002;720
26/04/2027;C0027;CS002;934
26/04/2027;C0017;CL001;971
26/04/2027;C0001;CS001;437
26/04/2027;C0004;CT002;610
27/04/2027;C0016;CS004;623
27/04/2027;C0009;AT002;100
27/04/2027;C0011;AT001;379
27/04/2027;C0014;AS004;757
27/04/2027;C0024;CT003;967
27/04/2027;C0006;VS005;345
28/04/2027;C0028;AS005;402
28/04/2027;C0018;AS003;553
28/04/2027;C0017;CT001;521
28/04/2027;C0006;AS002;114
28/04/2027;C0014;CL001;742
28/04/2027;C0026;CT001;208
29/04/2027;C0010;AS002;277
29/04/2027;C0017;CT002;589
29/04/2027;C0022;AS005;879
29/04/2027;C0021;AS005;969
29/04/2027;C0007;AT002;903
29/04/2027;C0009;CS003;692
30/04/2027;C0020;CS004;236
30/04/2027;C0006;AL002;665
30/04/2027;C0023;AS001;828
30/04/2027;C0027;AL001;828
30/04/2027;C0005;VS004;817
30/04/2027;C0009;AT002;659
03/05/2027;C0001;AL002;535
03/05/2027;C0023;AT001;413
03/05/2027;C0013;VS004;661
03/05/2027;C0020;CS004;423
03/05/2027;C0014;CT001;334
03/05/2027;C0026;VS001;710
04/05/2027;C0021;VS001;641
04/05/2027;C0003;VS005;593
04/05/2027;C0025;VS004;769
04/05/2027;C0023;CS004;421
04/05/2027;C0024;AS003;527
04/05/2027;C0021;AS005;899
05/05/2027;C0005;AL001;997
05/05/2027;C0016;VS002;936
05/05/2027;C0005;AS001;863
05/05/2027;C0023;AS002;596
05/05/2027;C0017;CT002;143
05/05/2027;C0026;VS004;462
06/05/2027;C0011;CT002;822
06/05/2027;C0018;AT002;502
06/05/2027;C0020;CS003;368
06/05/2027;C0025;AS003;934
06/05/2027;C0009;CS002;229
06/05/2027;C0003;VS005;127
07/05/2027;C0002;AL002;534
07/05/2027;C0013;CT003;854
07/05/2027;C0006;AS005;704
07/05/2027;C0026;CT001;147
07/05/2027;C0021;CL001;875
07/05/2027;C0004;AS004;350
10/05/2027;C0014;AS003;909
10/05/2027;C0012;AS005;878
10/05/2027;C0019;CL002;695
10/05/2027;C0023;VS003;866
10/05/2027;C0020;AL001;181
10/05/2027;C0025;CT002;278
11/05/2027;C0001;CS003;857
11/05/2027;C0030;VS003;314
11/05/2027;C0015;VS002;748
11/05/2027;C0010;AL001;453
11/05/2027;C0014;AS001;825
11/05/2027;C0005;AS003;123
12/05/2027;C0016;CT003;460
12/05/2027;C0015;VS003;522
12/05/2027;C0027;AS002;789
12/05/2027;C0013;AL002;612
12/05/2027;C0028;CT003;969
12/05/2027;C0027;AS005;400
13/05/2027;C0007;CL001;562
13/05/2027;C0001;AT001;550
13/05/2027;C0030;AL002;981
13/05/2027;C0003;VS004;210
13/05/2027;C0015;AS004;845
13/05/2027;C0001;CT003;929
14/05/2027;C0012;CS003;622
14/05/2027;C0018;AS005;280
14/05/2027;C0019;CS004;228
14/05/2027;C0014;AS002;148
14/05/2027;C0027;AS001;134
14/05/2027;C0023;VS002;806
17/05/2027;C0023;CT002;332
17/05/2027;C0016;AS004;929
17/05/2027;C0025;AL001;435
17/05/2027;C0006;AS005;684
17/05/2027;C0009;AL002;787
17/05/2027;C0015;CS003;394
18/05/2027;C0005;VS003;556
18/05/2027;C0030;VS005;159
18/05/2027;C0001;AT001;603
18/05/2027;C0030;CS003;853
18/05/2027;C0028;AS004;866
18/05/2027;C0019;VS003;979
19/05/2027;C0009;AS005;119
19/05/2027;C0007;AL001;361
19/05/2027;C0015;CS003;624
19/05/2027;C0025;AS004;113
19/05/2027;C0016;CS001;366
19/05/2027;C0005;CS002;182
20/05/2027;C0018;VS003;160
20/05/2027;C0010;CT003;334
20/05/2027;C0021;CT003;762
20/05/2027;C0004;AS003;621
20/05/2027;C0013;AS001;800
20/05/2027;C0008;CL001;992
21/05/2027;C0013;AS004;370
21/05/2027;C0002;CS004;992
21/05/2027;C0002;CT003;651
21/05/2027;C0015;CS003;521
21/05/2027;C0015;AS001;837
21/05/2027;C0021;CS002;124
24/05/2027;C0017;VS001;473
24/05/2027;C0010;AL002;927
24/05/2027;C0010;CS003;798
24/05/2027;C0012;AS003;835
24/05/2027;C0014;AL001;668
24/05/2027;C0023;VS004;633
25/05/2027;C0026;VS005;968
25/05/2027;C0004;AS005;595
25/05/2027;C0003;AS002;758
25/05/2027;C0019;AS002;761
25/05/2027;C0019;VS002;809
25/05/2027;C0026;CL001;958
26/05/2027;C0022;CS001;448
26/05/2027;C0023;AL001;845
26/05/2027;C0005;AL001;278
26/05/2027;C0022;AS003;132
26/05/2027;C0029;CS003;664
26/05/2027;C0017;VS003;121
27/05/2027;C0004;AS004;614
27/05/2027;C0012;CS004;496
27/05/2027;C0015;CS004;238
27/05/2027;C0003;CS001;180
27/05/2027;C0024;VS002;642
27/05/2027;C0011;AS003;791
28/05/2027;C0012;AL001;770
28/05/2027;C0007;AS002;856
28/05/2027;C0001;CS004;930
28/05/2027;C0007;AS004;679
28/05/2027;C0026;CT001;264
28/05/2027;C0025;CS003;549
31/05/2027;C0017;CL001;727
31/05/2027;C0001;CS001;808
31/05/2027;C0001;AT001;699
31/05/2027;C0021;AS001;671
31/05/2027;C0018;AS001;791
31/05/2027;C0022;AS003;464
01/06/2027;C0022;CS001;469
01/06/2027;C0004;VS004;814
01/06/2027;C0028;VS002;218
01/06/2027;C0022;VS002;321
01/06/2027;C0030;VS003;487
01/06/2027;C0024;AS003;522
02/06/2027;C0009;CS004;340
02/06/2027;C0030;VS001;995
02/06/2027;C0006;CS003;182
02/06/2027;C0004;VS001;468
02/06/2027;C0011;CT003;467
02/06/2027;C0025;AS001;670
03/06/2027;C0006;AT002;833
03/06/2027;C0013;VS001;318
03/06/2027;C0009;VS002;471
03/06/2027;C0028;CS001;200
03/06/2027;C0022;VS004;386
03/06/2027;C0019;CT001;825
04/06/2027;C0020;CT002;348
04/06/2027;C0012;AS001;457
04/06/2027;C0016;CL001;399
04/06/2027;C0025;AS001;945
04/06/2027;C0024;VS005;177
04/06/2027;C0020;VS002;830
07/06/2027;C0006;AL002;527
07/06/2027;C0005;CT002;645
07/06/2027;C0011;VS003;668
07/06/2027;C0017;CL002;228
07/06/2027;C0010;AS003;410
07/06/2027;C0026;VS004;245
08/06/2027;C0013;VS005;987
08/06/2027;C0009;VS002;475
08/06/2027;C0016;CS003;775
08/06/2027;C0023;VS003;811
08/06/2027;C0028;AL002;486
08/06/2027;C0018;CT001;546
09/06/2027;C0001;CS001;501
09/06/2027;C0001;AS002;573
09/06/2027;C0024;CS001;357
09/06/2027;C0004;AS005;391
09/06/2027;C0011;VS003;842
09/06/2027;C0004;AS002;455
10/06/2027;C0024;AS005;976
10/06/2027;C0007;VS005;688
10/06/2027;C0004;CS004;132
10/06/2027;C0028;CT002;811
10/06/2027;C0011;CT002;550
10/06/2027;C0012;CS003;787
11/06/2027;C0003;VS003;560
11/06/2027;C0015;CT001;510
11/06/2027;C0010;CL002;551
11/06/2027;C0009;CS004;316
11/06/2027;C0016;AS005;421
11/06/2027;C0018;CT001;797
14/06/2027;C0022;AT002;457
14/06/2027;C0006;VS004;998
14/06/2027;C0015;VS003;186
14/06/2027;C0027;AL001;371
14/06/2027;C0005;AT002;231
14/06/2027;C0001;AS005;142
15/06/2027;C0015;CS002;318
15/06/2027;C0007;AT001;597
15/06/2027;C0003;VS002;187
15/06/2027;C0006;AS002;264
15/06/2027;C0004;AL002;759
15/06/2027;C0021;VS003;637
16/06/2027;C0027;AT001;215
16/06/2027;C0002;VS003;831
16/06/2027;C0014;VS001;684
16/06/2027;C0006;CS002;869
16/06/2027;C0004;CS003;406
16/06/2027;C0016;CS003;211
17/06/2027;C0012;AT002;562
17/06/2027;C0006;AL002;157
17/06/2027;C0017;CL001;110
17/06/2027;C0011;AL001;993
17/06/2027;C0006;CS002;965
17/06/2027;C0020;AS005;396
18/06/2027;C0001;CL002;152
18/06/2027;C0003;AS003;986
18/06/2027;C0028;CS004;216
18/06/2027;C0025;CT002;656
18/06/2027;C0006;AS002;214
18/06/2027;C0010;CS002;155
21/06/2027;C0029;CT001;772
21/06/2027;C0020;CT001;533
21/06/2027;C0020;VS003;527
21/06/2027;C0011;CT002;896
21/06/2027;C0023;VS004;560
21/06/2027;C0026;CL002;191
22/06/2027;C0017;VS002;1000
22/06/2027;C0010;AS001;396
22/06/2027;C0015;CL001;139
22/06/2027;C0014;VS005;377
22/06/2027;C0013;AS004;664
22/06/2027;C0009;CL002;306
23/06/2027;C0021;CT002;828
23/06/2027;C0014;CS002;729
23/06/2027;C0030;AS002;956
23/06/2027;C0024;CS001;149
23/06/2027;C0018;VS003;523
23/06/2027;C0009;AS005;745
24/06/2027;C0026;VS001;655
24/06/2027;C0011;CS002;449
24/06/2027;C0007;AL001;675
24/06/2027;C0004;AS001;709
24/06/2027;C0001;VS005;733
24/06/2027;C0022;CT001;428
25/06/2027;C0024;CT002;380
25/06/2027;C0017;AT001;681
25/06/2027;C0023;AS005;607
25/06/2027;C0026;AL001;531
25/06/2027;C0006;VS002;955
25/06/2027;C0021;CS003;328
28/06/2027;C0029;CT003;922
28/06/2027;C0025;CS003;971
28/06/2027;C0015;VS002;537
28/06/2027;C0029;VS003;441
28/06/2027;C0026;CS002;307
28/06/2027;C0027;CS003;412
29/06/2027;C0014;CL001;567
29/06/2027;C0013;AS001;202
29/06/2027;C0022;AT002;412
29/06/2027;C0007;CS001;198
29/06/2027;C0003;AS004;220
29/06/2027;C0007;CS002;567
30/06/2027;C0020;AS003;944
30/06/2027;C0008;AL002;735
30/06/2027;C0018;CL002;144
30/06/2027;C0018;CS001;758
30/06/2027;C0019;VS004;724
30/06/2027;C0009;VS002;220
01/07/2027;C0012;CT002;983
01/07/2027;C0004;VS003;759
01/07/2027;C0027;CS004;546
01/07/2027;C0003;AS002;544
01/07/2027;C0009;AT001;363
01/07/2027;C0017;AS005;222
02/07/2027;C0029;CS001;632
02/07/2027;C0003;AS001;728
02/07/2027;C0002;AS001;113
02/07/2027;C0020;AL002;904
02/07/2027;C0015;VS001;159
02/07/2027;C0017;CL002;862
05/07/2027;C0009;CL002;286
05/07/2027;C0010;VS003;572
05/07/2027;C0003;CS004;200
05/07/2027;C0010;CT003;190
05/07/2027;C0012;AT002;192
05/07/2027;C0018;AT001;947
06/07/2027;C0008;CT003;547
06/07/2027;C0026;CL002;242
06/07/2027;C0025;CS002;128
06/07/2027;C0027;CT001;517
06/07/2027;C0015;VS005;130
06/07/2027;C0030;CS003;905
07/07/2027;C0028;AL002;927
07/07/2027;C0015;CT001;136
07/07/2027;C0011;AT001;300
07/07/2027;C0028;CS001;109
07/07/2027;C0016;CS001;327
07/07/2027;C0021;AS003;870
08/07/2027;C0010;CS002;457
08/07/2027;C0022;CL001;437
08/07/2027;C0020;CL002;352
08/07/2027;C0021;AL001;784
08/07/2027;C0028;AT002;439
08/07/2027;C0010;CL002;622
09/07/2027;C0008;CS002;199
09/07/2027;C0002;VS003;664
09/07/2027;C0025;CS003;614
09/07/2027;C0008;VS003;340
09/07/2027;C0021;AS002;654
09/07/2027;C0017;CT001;836
12/07/2027;C0006;AS002;516
12/07/2027;C0013;CS003;224
12/07/2027;C0024;CT002;184
12/07/2027;C0028;VS003;867
12/07/2027;C0030;AS004;170
12/07/2027;C0017;AS003;766
13/07/2027;C0013;AS002;651
13/07/2027;C0001;CT003;436
13/07/2027;C0011;CT001;112
13/07/2027;C0012;AS005;409
13/07/2027;C0004;AS004;880
13/07/2027;C0021;CS003;843
14/07/2027;C0014;CL002;836
14/07/2027;C0029;AL002;905
14/07/2027;C0004;CS001;219
14/07/2027;C0018;CS002;522
14/07/2027;C0018;CS003;799
14/07/2027;C0015;AS002;982
15/07/2027;C0016;CL002;226
15/07/2027;C0028;CS004;531
15/07/2027;C0008;AT002;551
15/07/2027;C0014;VS002;480
15/07/2027;C0003;CS001;971
15/07/2027;C0001;VS005;957
16/07/2027;C0005;AS003;102
16/07/2027;C0004;AL001;534
16/07/2027;C0018;AL001;751
16/07/2027;C0010;CS004;423
16/07/2027;C0021;CS002;344
16/07/2027;C0004;CS003;556
19/07/2027;C0020;AT002;570
19/07/2027;C0010;AS001;784
19/07/2027;C0021;AS003;899
19/07/2027;C0022;CS004;136
19/07/2027;C0018;CT002;334
19/07/2027;C0007;CL001;362
20/07/2027;C0013;VS003;481
20/07/2027;C0009;CS004;747
20/07/2027;C0004;CS002;414
20/07/2027;C0013;AT002;624
20/07/2027;C0022;CS004;752
20/07/2027;C0004;VS002;560
21/07/2027;C0007;CT001;678
21/07/2027;C0019;AT001;170
21/07/2027;C0010;AS001;866
21/07/2027;C0001;CT003;840
21/07/2027;C0028;AL002;968
21/07/2027;C0014;CT001;149
22/07/2027;C0021;CT002;673
22/07/2027;C0028;CT003;169
22/07/2027;C0025;AS002;521
22/07/2027;C0030;AS005;512
22/07/2027;C0019;AL001;406
22/07/2027;C0002;CS003;821
23/07/2027;C0003;AS002;583
23/07/2027;C0026;CS002;370
23/07/2027;C0014;CL001;284
23/07/2027;C0006;CS004;458
23/07/2027;C0006;AS003;131
23/07/2027;C0007;AT001;923
26/07/2027;C0014;CS002;793
26/07/2027;C0005;AL002;484
26/07/2027;C0004;CT002;544
26/07/2027;C0017;CS001;120
26/07/2027;C0001;AS004;256
26/07/2027;C0002;AL001;348
27/07/2027;C0018;VS003;116
27/07/2027;C0009;CS003;156
27/07/2027;C0001;CS002;582
27/07/2027;C0014;VS001;121
27/07/2027;C0011;CT002;424
27/07/2027;C0023;AL002;122
28/07/2027;C0014;CL002;497
28/07/2027;C0026;AS004;688
28/07/2027;C0022;CL001;713
28/07/2027;C0024;CT003;328
28/07/2027;C0015;AT001;587
28/07/2027;C0008;AS005;642
29/07/2027;C0010;CS001;149
29/07/2027;C0002;CL001;563
29/07/2027;C0023;AS001;531
29/07/2027;C0016;AS005;502
29/07/2027;C0004;CT001;423
29/07/2027;C0001;CT002;308
30/07/2027;C0026;CL002;416
30/07/2027;C0016;CT003;101
30/07/2027;C0021;AL001;347
30/07/2027;C0021;CL002;211
30/07/2027;C0017;CS004;308
30/07/2027;C0018;AS004;663
02/08/2027;C0020;CS001;153
02/08/2027;C0005;AS004;847
02/08/2027;C0005;CS003;359
02/08/2027;C0003;AS003;293
02/08/2027;C0024;AS005;560
02/08/2027;C0004;CL002;275
03/08/2027;C0019;CS002;865
03/08/2027;C0001;AS004;144
03/08/2027;C0027;VS003;476
03/08/2027;C0003;CT003;991
03/08/2027;C0014;AS004;496
03/08/2027;C0024;CL001;473
04/08/2027;C0015;AS002;344
04/08/2027;C0011;AT001;515
04/08/2027;C0010;VS005;175
04/08/2027;C0024;AS001;765
04/08/2027;C0008;AL002;947
04/08/2027;C0030;AL001;220
05/08/2027;C0020;CS001;558
05/08/2027;C0028;VS001;249
05/08/2027;C0001;AL002;103
05/08/2027;C0021;VS003;739
05/08/2027;C0025;AS001;621
05/08/2027;C0014;AL001;557
06/08/2027;C0015;VS005;936
06/08/2027;C0011;AS005;640
06/08/2027;C0020;CS002;351
06/08/2027;C0003;AT001;470
06/08/2027;C0026;AS004;722
06/08/2027;C0006;CT003;512
09/08/2027;C0029;VS005;489
09/08/2027;C0025;CT003;206
09/08/2027;C0002;AL001;459
09/08/2027;C0015;AS004;681
09/08/2027;C0009;CT002;736
09/08/2027;C0005;AS002;878
10/08/2027;C0017;AT001;996
10/08/2027;C0011;CS003;957
10/08/2027;C0005;CS003;579
10/08/2027;C0007;CS004;194
10/08/2027;C0015;VS005;742
10/08/2027;C0007;CS004;163
11/08/2027;C0012;VS004;338
11/08/2027;C0023;CS004;576
11/08/2027;C0005;VS003;134
11/08/2027;C0025;CS003;899
11/08/2027;C0023;AS002;962
11/08/2027;C0010;AS003;961
12/08/2027;C0004;AS005;447
12/08/2027;C0002;AS005;952
12/08/2027;C0024;AL001;551
12/08/2027;C0030;AL001;382
12/08/2027;C0030;VS001;872
12/08/2027;C0022;CL001;426
13/08/2027;C0022;CS003;251
13/08/2027;C0016;CS004;820
13/08/2027;C0008;CT002;848
13/08/2027;C0027;AT002;126
13/08/2027;C0004;CS002;241
13/08/2027;C0013;VS001;963
16/08/2027;C0006;VS003;742
16/08/2027;C0006;AS004;451
16/08/2027;C0028;CL002;359
16/08/2027;C0003;CT001;530
16/08/2027;C0019;CT001;871
16/08/2027;C0001;CS001;862
17/08/2027;C0026;CL001;510
17/08/2027;C0010;CT003;469
17/08/2027;C0003;AS003;410
17/08/2027;C0016;VS003;909
17/08/2027;C0003;VS002;308
17/08/2027;C0022;CL002;705
18/08/2027;C0003;CL001;307
18/08/2027;C0010;AS003;232
18/08/2027;C0011;VS005;669
18/08/2027;C0026;AS002;137
18/08/2027;C0009;AS001;691
18/08/2027;C0020;VS004;993
19/08/2027;C0026;CS004;355
19/08/2027;C0012;VS003;458
19/08/2027;C0005;CS004;304
19/08/2027;C0024;AT002;576
19/08/2027;C0027;VS003;296
19/08/2027;C0024;CS001;388
20/08/2027;C0013;AL001;894
20/08/2027;C0018;AS004;204
20/08/2027;C0030;CT002;877
20/08/2027;C0017;CT003;948
20/08/2027;C0008;AS003;773
20/08/2027;C0006;AL002;255
23/08/2027;C0002;AS003;165
23/08/2027;C0012;CS004;236
23/08/2027;C0024;CS001;332
23/08/2027;C0022;VS001;286
23/08/2027;C0029;CT001;893
23/08/2027;C0007;AS003;788
24/08/2027;C0010;AS002;801
24/08/2027;C0020;AS001;144
24/08/2027;C0022;VS003;196
24/08/2027;C0018;CT003;690
24/08/2027;C0006;CS004;810
24/08/2027;C0030;AS001;300
25/08/2027;C0002;VS003;988
25/08/2027;C0003;AS003;650
25/08/2027;C0019;VS002;632
25/08/2027;C0013;CS001;419
25/08/2027;C0006;AS004;839
25/08/2027;C0002;AS005;160
26/08/2027;C0025;CS004;889
26/08/2027;C0029;VS005;382
26/08/2027;C0021;CL001;727
26/08/2027;C0021;AS004;288
26/08/2027;C0021;VS004;271
26/08/2027;C0001;AL002;446
27/08/2027;C0006;AS002;639
27/08/2027;C0003;AL001;969
27/08/2027;C0016;VS002;575
27/08/2027;C0013;AS003;815
27/08/2027;C0028;CT001;397
27/08/2027;C0013;AS005;359
30/08/2027;C0027;CL002;921
30/08/2027;C0028;CS003;701
30/08/2027;C0030;VS001;755
30/08/2027;C0013;AS004;256
30/08/2027;C0002;VS003;166
30/08/2027;C0006;VS001;539
31/08/2027;C0001;AL002;242
31/08/2027;C0025;AS005;711
31/08/2027;C0013;CT002;557
31/08/2027;C0017;VS004;866
31/08/2027;C0029;CL002;497
31/08/2027;C0017;AT002;950
01/09/2027;C0028;VS002;556
01/09/2027;C0022;CT002;238
01/09/2027;C0010;CT002;747
01/09/2027;C0003;AS004;795
01/09/2027;C0001;AT001;835
01/09/2027;C0017;CS004;981
02/09/2027;C0024;CS004;870
02/09/2027;C0014;AT001;955
02/09/2027;C0001;AS003;693
02/09/2027;C0017;AL001;256
02/09/2027;C0001;VS001;459
02/09/2027;C0019;VS005;100
03/09/2027;C0025;CS001;752
03/09/2027;C0010;AS002;713
03/09/2027;C0017;VS001;193
03/09/2027;C0020;VS002;449
03/09/2027;C0021;CS003;167
03/09/2027;C0018;CL001;328
06/09/2027;C0019;AS001;939
06/09/2027;C0008;CS004;293
06/09/2027;C0008;VS005;458
06/09/2027;C0004;CT001;656
06/09/2027;C0009;AL001;328
06/09/2027;C0005;VS001;200
07/09/2027;C0020;CT001;954
07/09/2027;C0014;VS004;371
07/09/2027;C0014;AS002;134
07/09/2027;C0010;AL001;802
07/09/2027;C0016;AS003;116
07/09/2027;C0010;AS002;585
08/09/2027;C0024;CT002;968
08/09/2027;C0027;CT001;525
08/09/2027;C0007;AS001;885
08/09/2027;C0018;CT003;320
08/09/2027;C0027;AT002;686
08/09/2027;C0001;CS001;655
09/09/2027;C0002;CS002;456
09/09/2027;C0023;CL002;838
09/09/2027;C0017;CS003;311
09/09/2027;C0014;VS003;499
09/09/2027;C0030;VS005;210
09/09/2027;C0028;VS004;558
10/09/2027;C0024;AT001;472
10/09/2027;C0008;AS002;478
10/09/2027;C0010;CS004;474
10/09/2027;C0014;AS005;501
10/09/2027;C0003;CS002;414
10/09/2027;C0008;VS001;202
13/09/2027;C0019;CT003;908
13/09/2027;C0007;AL002;813
13/09/2027;C0015;AS001;152
13/09/2027;C0005;VS004;737
13/09/2027;C0024;AS005;339
13/09/2027;C0011;VS002;247
14/09/2027;C0007;CS002;386
14/09/2027;C0010;CL001;118
14/09/2027;C0030;AS002;399
14/09/2027;C0008;VS003;517
14/09/2027;C0020;AL001;919
14/09/2027;C0002;AS002;284
15/09/2027;C0025;AS002;750
15/09/2027;C0018;AS005;541
15/09/2027;C0021;VS004;147
15/09/2027;C0008;AS003;844
15/09/2027;C0026;VS003;661
15/09/2027;C0029;AS001;109
16/09/2027;C0017;VS001;530
16/09/2027;C0021;AS002;204
16/09/2027;C0015;CL001;627
16/09/2027;C0013;AL001;262
16/09/2027;C0003;AS004;621
16/09/2027;C0008;CT001;697
17/09/2027;C0029;AT001;894
17/09/2027;C0010;VS003;831
17/09/2027;C0029;AL001;498
17/09/2027;C0023;VS005;351
17/09/2027;C0001;VS005;171
17/09/2027;C0001;VS003;416
20/09/2027;C0027;CL002;910
20/09/2027;C0017;CT002;885
20/09/2027;C0027;AT002;154
20/09/2027;C0017;AL002;342
20/09/2027;C0024;CS002;668
20/09/2027;C0028;CT001;837
21/09/2027;C0022;CL001;271
21/09/2027;C0004;CS003;472
21/09/2027;C0016;CT003;922
21/09/2027;C0017;AL001;111
21/09/2027;C0025;CS004;269
21/09/2027;C0029;AS003;203
22/09/2027;C0005;VS004;659
22/09/2027;C0017;CS002;484
22/09/2027;C0014;VS001;877
22/09/2027;C0017;AL001;147
22/09/2027;C0011;AL002;547
22/09/2027;C0021;AL001;377
23/09/2027;C0017;CT001;824
23/09/2027;C0028;VS001;201
23/09/2027;C0004;AS005;347
23/09/2027;C0028;AS003;211
23/09/2027;C0011;AL002;141
23/09/2027;C0013;AT002;995
24/09/2027;C0002;AT001;230
24/09/2027;C0016;CT001;976
24/09/2027;C0004;CL002;531
24/09/2027;C0016;CS004;131
24/09/2027;C0001;AS004;221
24/09/2027;C0015;AL001;180
27/09/2027;C0017;VS001;752
27/09/2027;C0006;CT002;545
27/09/2027;C0025;CL001;456
27/09/2027;C0003;AL001;956
27/09/2027;C0020;AS001;610
27/09/2027;C0003;CS004;428
28/09/2027;C0013;CL001;339
28/09/2027;C0005;CS003;404
28/09/2027;C0002;AS004;826
28/09/2027;C0011;AL002;548
28/09/2027;C0002;CT001;399
28/09/2027;C0010;CT003;729
29/09/2027;C0024;AL001;697
29/09/2027;C0030;AS004;167
29/09/2027;C0024;VS001;577
29/09/2027;C0028;VS002;847
29/09/2027;C0015;AL002;498
29/09/2027;C0022;CT002;845
30/09/2027;C0014;AS004;913
30/09/2027;C0002;AL002;675
30/09/2027;C0024;CT001;659
30/09/2027;C0024;AS005;355
30/09/2027;C0013;AL001;831
30/09/2027;C0029;AL002;864
01/10/2027;C0025;AT001;741
01/10/2027;C0011;VS002;949
01/10/2027;C0020;AL002;840
01/10/2027;C0019;CS003;546
01/10/2027;C0021;CL002;882
01/10/2027;C0004;AS001;611
04/10/2027;C0027;AL001;888
04/10/2027;C0009;AS002;633
04/10/2027;C0005;CL002;380
04/10/2027;C0018;CL001;932
04/10/2027;C0016;AL002;757
04/10/2027;C0017;AS005;840
05/10/2027;C0022;CT002;945
05/10/2027;C0021;CL001;113
05/10/2027;C0026;AS001;161
05/10/2027;C0016;AS003;973
05/10/2027;C0004;AT002;903
05/10/2027;C0015;VS003;104
06/10/2027;C0007;AS004;148
06/10/2027;C0018;CS001;262
06/10/2027;C0020;CS003;691
06/10/2027;C0025;AS004;617
06/10/2027;C0029;AL001;694
06/10/2027;C0022;AT001;491
07/10/2027;C0019;AS005;146
07/10/2027;C0006;AT001;865
07/10/2027;C0026;VS002;222
07/10/2027;C0007;CS004;524
07/10/2027;C0002;AS005;142
07/10/2027;C0022;CS004;836
08/10/2027;C0006;VS002;530
08/10/2027;C0024;AS002;301
08/10/2027;C0007;AS001;774
08/10/2027;C0030;AL001;984
08/10/2027;C0014;AT002;942
08/10/2027;C0002;VS001;246
11/10/2027;C0019;VS001;473
11/10/2027;C0025;CS003;349
11/10/2027;C0007;CL002;332
11/10/2027;C0023;AS005;593
11/10/2027;C0006;CT003;568
11/10/2027;C0020;VS002;288
12/10/2027;C0025;AS003;317
12/10/2027;C0030;AS001;728
12/10/2027;C0027;AT002;457
12/10/2027;C0020;AL002;863
12/10/2027;C0027;AT001;123
12/10/2027;C0019;AT002;114
13/10/2027;C0020;VS003;539
13/10/2027;C0006;CT001;325
13/10/2027;C0016;CS004;385
13/10/2027;C0006;AS002;538
13/10/2027;C0006;VS005;354
13/10/2027;C0025;CL001;113
14/10/2027;C0015;VS003;505
14/10/2027;C0002;CL001;871
14/10/2027;C0010;CS004;903
14/10/2027;C0019;CS002;635
14/10/2027;C0012;CS003;660
14/10/2027;C0007;VS005;253
15/10/2027;C0014;CL001;261
15/10/2027;C0001;CT003;937
15/10/2027;C0006;AS003;482
15/10/2027;C0022;CS002;969
15/10/2027;C0030;CT003;175
15/10/2027;C0007;VS005;793
18/10/2027;C0019;VS004;218
18/10/2027;C0016;VS002;883
18/10/2027;C0011;CS002;160
18/10/2027;C0021;VS005;400
18/10/2027;C0025;CT002;817
18/10/2027;C0003;CS004;153
19/10/2027;C0023;VS002;647
19/10/2027;C0025;AS005;835
19/10/2027;C0028;AL002;195
19/10/2027;C0030;VS003;591
19/10/2027;C0007;CS003;361
19/10/2027;C0011;VS005;133
20/10/2027;C0022;VS005;629
20/10/2027;C0001;AS001;811
20/10/2027;C0011;CT002;123
20/10/2027;C0029;CS002;780
20/10/2027;C0019;CL001;112
20/10/2027;C0004;AL002;640
21/10/2027;C0012;AS002;292
21/10/2027;C0024;VS004;653
21/10/2027;C0019;CT003;335
21/10/2027;C0022;AS004;322
21/10/2027;C0021;VS001;430
21/10/2027;C0026;VS003;449
22/10/2027;C0029;CT001;391
22/10/2027;C0004;CS003;816
22/10/2027;C0002;AS002;360
22/10/2027;C0020;AL001;351
22/10/2027;C0017;CL001;835
22/10/2027;C0027;CL001;383
25/10/2027;C0005;AS003;635
25/10/2027;C0012;VS004;601
25/10/2027;C0025;AS003;516
25/10/2027;C0019;CS003;894
25/10/2027;C0009;AL001;882
25/10/2027;C0003;VS003;488
26/10/2027;C0016;CL002;714
26/10/2027;C0017;CL002;392
26/10/2027;C0029;AS004;834
26/10/2027;C0028;VS001;576
26/10/2027;C0019;AS005;111
26/10/2027;C0020;CT002;661
27/10/2027;C0018;CT002;824
27/10/2027;C0011;CL001;844
27/10/2027;C0001;AS001;994
27/10/2027;C0011;AL002;674
27/10/2027;C0019;AS004;874
27/10/2027;C0011;VS003;429
28/10/2027;C0022;VS004;890
28/10/2027;C0024;CS001;612
28/10/2027;C0011;CT001;645
28/10/2027;C0029;AS002;935
28/10/2027;C0007;VS003;541
28/10/2027;C0005;CT003;784
29/10/2027;C0012;AS003;173
29/10/2027;C0029;CT003;489
29/10/2027;C0005;CS003;534
29/10/2027;C0028;CT003;609
29/10/2027;C0006;CS002;605
29/10/2027;C0008;AS001;402
01/11/2027;C0003;AS002;249
01/11/2027;C0025;VS001;691
01/11/2027;C0013;AT002;300
01/11/2027;C0010;AT002;197
01/11/2027;C0024;CT001;888
01/11/2027;C0005;AL002;879
02/11/2027;C0021;CT003;771
02/11/2027;C0023;CL002;784
02/11/2027;C0030;CT002;707
02/11/2027;C0001;CS004;109
02/11/2027;C0019;AT001;284
02/11/2027;C0018;VS004;537
03/11/2027;C0026;CS002;541
03/11/2027;C0001;AS003;400
03/11/2027;C0030;AS004;147
03/11/2027;C0023;CL001;373
03/11/2027;C0005;AT001;569
03/11/2027;C0013;CS001;930
04/11/2027;C0013;AS003;126
04/11/2027;C0015;AT002;973
04/11/2027;C0022;CT003;268
04/11/2027;C0029;VS004;905
04/11/2027;C0016;CS002;241
04/11/2027;C0008;AL002;597
05/11/2027;C0017;CT002;780
05/11/2027;C0010;AT002;221
05/11/2027;C0022;AL002;981
05/11/2027;C0025;CL002;323
05/11/2027;C0029;AS002;961
05/11/2027;C0023;CS001;648
08/11/2027;C0007;CS001;607
08/11/2027;C0024;CS003;158
08/11/2027;C0022;AS001;985
08/11/2027;C0006;CL002;231
08/11/2027;C0007;AT002;242
08/11/2027;C0023;AS001;143
09/11/2027;C0013;AS002;422
09/11/2027;C0027;CS002;850
09/11/2027;C0019;CT003;252
09/11/2027;C0007;AS005;508
09/11/2027;C0020;VS005;438
09/11/2027;C0009;AT001;540
10/11/2027;C0022;VS001;307
10/11/2027;C0008;CL001;584
10/11/2027;C0025;VS003;788
10/11/2027;C0016;VS002;776
10/11/2027;C0005;AT002;976
10/11/2027;C0003;CT002;479
11/11/2027;C0007;AL001;179
11/11/2027;C0001;AT002;905
11/11/2027;C0007;AS001;297
11/11/2027;C0016;AS001;776
11/11/2027;C0017;AL001;970
11/11/2027;C0003;AS004;451
12/11/2027;C0020;CT002;639
12/11/2027;C0002;VS005;949
12/11/2027;C0014;AS002;823
12/11/2027;C0010;AT002;221
12/11/2027;C0005;VS002;617
12/11/2027;C0023;CS003;200
15/11/2027;C0014;VS002;669
15/11/2027;C0015;AS001;125
15/11/2027;C0002;CT001;240
15/11/2027;C0021;AS001;464
15/11/2027;C0013;VS004;193
15/11/2027;C0012;CT003;939
16/11/2027;C0028;VS005;884
16/11/2027;C0018;AS003;807
16/11/2027;C0023;CS003;248
16/11/2027;C0002;CT001;353
16/11/2027;C0003;CS002;441
16/11/2027;C0008;CT001;962
17/11/2027;C0022;AT002;232
17/11/2027;C0005;AS005;415
17/11/2027;C0024;AS003;678
17/11/2027;C0024;CT003;661
17/11/2027;C0005;VS002;699
17/11/2027;C0007;CT003;475
18/11/2027;C0014;CL002;185
18/11/2027;C0022;AS003;665
18/11/2027;C0030;AS003;843
18/11/2027;C0027;CS003;871
18/11/2027;C0022;AT002;659
18/11/2027;C0007;CS004;827
19/11/2027;C0018;AS003;598
19/11/2027;C0001;AL002;877
19/11/2027;C0022;CT001;741
19/11/2027;C0017;AT002;342
19/11/2027;C0024;AS002;874
19/11/2027;C0017;CS002;390
22/11/2027;C0028;VS003;178
22/11/2027;C0007;CL002;456
22/11/2027;C0011;CS001;441
22/11/2027;C0024;AL002;863
22/11/2027;C0001;VS003;610
22/11/2027;C0003;VS003;533
23/11/2027;C0015;CT002;409
23/11/2027;C0025;AL001;651
23/11/2027;C0026;AS001;920
23/11/2027;C0025;CL002;374
23/11/2027;C0021;AS003;314
23/11/2027;C0006;CS002;983
24/11/2027;C0011;VS004;745
24/11/2027;C0024;AL002;379
24/11/2027;C0004;VS005;489
24/11/2027;C0008;AL002;255
24/11/2027;C0013;CS004;321
24/11/2027;C0019;CL001;497
25/11/2027;C0016;AL001;222
25/11/2027;C0008;VS002;633
25/11/2027;C0019;CS003;778
25/11/2027;C0008;VS003;294
25/11/2027;C0011;CT001;260
25/11/2027;C0025;CS004;689
26/11/2027;C0023;CS002;701
26/11/2027;C0005;CT003;896
26/11/2027;C0011;VS002;984
26/11/2027;C0023;CS001;190
26/11/2027;C0029;CS001;833
26/11/2027;C0029;CT002;983
29/11/2027;C0023;CS001;576
29/11/2027;C0006;AL001;243
29/11/2027;C0020;AL002;324
29/11/2027;C0020;VS004;659
29/11/2027;C0022;VS003;307
29/11/2027;C0008;CL001;215
30/11/2027;C0026;AL001;103
30/11/2027;C0030;CS003;981
30/11/2027;C0027;CS003;571
30/11/2027;C0001;AT002;615
30/11/2027;C0024;VS002;326
30/11/2027;C0027;CS001;403
01/12/2027;C0005;AT002;574
01/12/2027;C0010;AS002;817
01/12/2027;C0004;AT002;675
01/12/2027;C0022;CS003;752
01/12/2027;C0013;CT003;424
01/12/2027;C0020;CT001;931
02/12/2027;C0025;AS001;482
02/12/2027;C0005;VS004;134
02/12/2027;C0007;AL001;273
02/12/2027;C0020;AL001;334
02/12/2027;C0027;VS001;800
02/12/2027;C0015;CL002;209
03/12/2027;C0008;CL001;600
03/12/2027;C0018;VS005;323
03/12/2027;C0030;CL002;732
03/12/2027;C0011;CT003;211
03/12/2027;C0005;AS001;702
03/12/2027;C0020;AT001;153
06/12/2027;C0012;CL001;412
06/12/2027;C0015;AS005;899
06/12/2027;C0002;AT002;827
06/12/2027;C0004;CS004;174
06/12/2027;C0022;AS004;805
06/12/2027;C0006;AL001;739
07/12/2027;C0030;AT001;661
07/12/2027;C0009;AS001;313
07/12/2027;C0011;VS004;287
07/12/2027;C0018;AT001;901
07/12/2027;C0029;CT001;351
07/12/2027;C0006;AS002;767
08/12/2027;C0030;AT002;504
08/12/2027;C0020;VS002;582
08/12/2027;C0017;CL002;586
08/12/2027;C0012;AL001;952
08/12/2027;C0026;VS004;766
08/12/2027;C0022;CT002;182
09/12/2027;C0013;CS004;214
09/12/2027;C0017;CT003;119
09/12/2027;C0026;VS005;705
09/12/2027;C0025;AL001;321
09/12/2027;C0002;VS003;116
09/12/2027;C0020;CL002;248
10/12/2027;C0005;AL002;108
10/12/2027;C0018;VS002;254
10/12/2027;C0013;CT003;118
10/12/2027;C0003;AS001;484
10/12/2027;C0007;VS003;357
10/12/2027;C0028;VS001;937
13/12/2027;C0026;AT002;262
13/12/2027;C0020;VS003;826
13/12/2027;C0016;CS002;567
13/12/2027;C0011;VS001;327
13/12/2027;C0022;CT003;993
13/12/2027;C0025;AL001;823
14/12/2027;C0023;VS001;194
14/12/2027;C0003;AT001;524
14/12/2027;C0012;AS003;514
14/12/2027;C0010;AL001;241
14/12/2027;C0011;CS003;512
14/12/2027;C0030;CS001;143
15/12/2027;C0007;VS002;939
15/12/2027;C0022;CS001;579
15/12/2027;C0007;VS004;106
15/12/2027;C0023;AS005;759
15/12/2027;C0009;VS003;180
15/12/2027;C0014;AT001;302
16/12/2027;C0012;AL001;941
16/12/2027;C0016;CT002;661
16/12/2027;C0016;CS004;104
16/12/2027;C0029;VS005;798
16/12/2027;C0009;CS001;948
16/12/2027;C0001;AT002;459
17/12/2027;C0017;VS005;895
17/12/2027;C0014;VS003;363
17/12/2027;C0004;AS002;839
17/12/2027;C0025;CL002;691
17/12/2027;C0006;AS005;350
17/12/2027;C0018;AS004;905
20/12/2027;C0005;AS005;103
20/12/2027;C0030;VS003;196
20/12/2027;C0003;CT002;415
20/12/2027;C0027;CT003;932
20/12/2027;C0015;VS002;670
20/12/2027;C0024;AS002;548
21/12/2027;C0006;CL001;143
21/12/2027;C0018;AS002;495
21/12/2027;C0029;VS002;831
21/12/2027;C0012;AT002;777
21/12/2027;C0014;AS004;356
21/12/2027;C0025;AL002;294
22/12/2027;C0028;CS001;614
22/12/2027;C0011;CS002;504
22/12/2027;C0024;CT002;721
22/12/2027;C0007;CS004;471
22/12/2027;C0013;CT003;866
22/12/2027;C0008;CL002;582
23/12/2027;C0019;VS004;340
23/12/2027;C0007;CT001;450
23/12/2027;C0016;CT002;218
23/12/2027;C0014;VS001;984
23/12/2027;C0030;VS005;504
23/12/2027;C0024;VS005;792
24/12/2027;C0027;AS001;400
24/12/2027;C0002;CL002;175
24/12/2027;C0004;CS002;574
24/12/2027;C0029;CS003;980
24/12/2027;C0003;AL001;707
24/12/2027;C0007;CL002;269
27/12/2027;C0018;AS001;183
27/12/2027;C0010;CS001;737
27/12/2027;C0027;CL001;841
27/12/2027;C0016;CL002;259
27/12/2027;C0018;AS004;412
27/12/2027;C0011;AL002;991
28/12/2027;C0002;AL002;533
28/12/2027;C0016;AL001;485
28/12/2027;C0008;AL002;491
28/12/2027;C0022;VS002;591
28/12/2027;C0009;CS003;422
28/12/2027;C0029;VS001;445
29/12/2027;C0004;VS001;982
29/12/2027;C0005;VS001;327
29/12/2027;C0017;AS002;219
29/12/2027;C0026;CS002;199
29/12/2027;C0024;AL002;860
29/12/2027;C0005;AL001;759
30/12/2027;C0002;AS005;714
30/12/2027;C0026;CL002;717
30/12/2027;C0016;CS003;289
30/12/2027;C0021;VS003;456
30/12/2027;C0016;VS004;827
30/12/2027;C0027;VS005;579
31/12/2027;C0017;VS001;341
31/12/2027;C0015;CT001;306
31/12/2027;C0026;AL002;374
31/12/2027;C0005;AL001;794
31/12/2027;C0011;CT002;581
31/12/2027;C0011;AS005;961
